lambda;EW;relDepth;ConvBS,
nm;0.1pm; ;m/s,
--------;----;-----;-------,
4051819;    ;0.6;-548.7
4053050;79;0.69;-44.4
4053440;60;0.62;-625.3
4055322;50;0.52;-472.2
4056181;80;0.74;-597.1
4057491;    ;0.43;-401.4
4058490;46;0.72;-127.7
4059363;101;0.75;-672.1
4059900;74;0.74;-168.6
4060860;70;0.68;-322.5
4062243;    ;0.61;-777.2
4063102;    ;0.58;-613.6
4063588;98;0.81;-51.1
4064423;68;0.76;243.3
4064742;787;0.81;-618.2
4065597;64;0.71;-580.7
4066529;64;0.72;-364.7
4067734;80;0.76;-536.5
4068123;130;0.78;-125.7
4068420;96;0.79;-234.9
4068636;18;0.25;-553.9
4069127;133;0.83;-50.7
4070217;48;0.52;-633.8
4071920;94;0.77;-37.5
4072670;50;0.74;33.3
4072888;723;0.86;-1237.9
4073652;63;0.72;-394.5
4074913;90;0.81;-396.4
4075936;110;0.82;-312.9
4077369;58;0.63;-381
4077641;62;0.75;-148.4
4077780;127;0.83;189.9
4077951;94;0.76;-172.4
4079506;124;0.78;21.8
4080990;94;0.78;-307.3
4081361;89;0.75;-242.8
4082029;61;0.64;-524.6
4083260;76;0.68;-360.1
4083577;82;0.66;180.4
4084916;71;0.73;-817.6
4085645;156;0.82;-56.7
4086157;107;0.78;-268.2
4087138;55;0.55;-784
4088248;81;0.71;-353.2
4089711;56;0.61;-506.7
4090371;62;0.67;-416.5
4091227;70;0.61;-432.9
4092108;57;0.62;-476.7
4092708;60;0.65;-443.5
4093432;    ;0.62;-385.9
4093661;36;0.52;-645.1
4097127;99;0.77;-193.4
4097264;67;0.64;-419.3
4097366;39;0.54;-532.9
4099332;113;0.78;-204.6
4101504;26;0.42;-1076.2
4101895;82;0.81;9.3
4102419;47;0.72;-183.7
4104771;28;0.38;-790.6
4105272;100;0.78;492.4
4105618;29;0.34;-793.4
4106099;54;0.49;-312.4
4107418;64;0.69;-480.3
4107582;74;0.69;-274
4108647;125;0.82;-165.3
4109292;39;0.44;-689.8
4110216;75;0.71;-297.9
4113479;69;0.64;-440.5
4115606;100;0.79;-236.6
4116099;65;0.68;-388.3
4119015;76;0.62;-479.6
4119707;154;0.87;-30.9
4121369;97;0.78;-213.8
4122966;94;0.8;-364.2
4123679;86;0.77;-289.1
4124892;109;0.76;832.2
4125651;    ;0.35;-566.3
4127044;75;0.69;-411
4127347;113;0.79;-226.2
4128019;36;0.41;-518.3
4128949;97;0.76;718.2
4130626;57;0.54;-607.8
4131202;64;0.64;-605.4
4133224;404;0.9;-179
4133698;77;0.7;-436
4134065;123;0.85;-13.7
4135844;129;0.85;-140.6
4137688;73;0.7;-343.9
4138164;104;0.83;-220.3
4141095;86;0.78;-187.8
4141570;68;0.65;-302.9
4143031;68;0.67;-357.3
4143757;70;0.63;-759.7
4144583;134;0.86;160.7
4145037;466;0.89;319.7
4146369;38;0.45;-526.6
4147233;72;0.7;-543
4148511;52;0.56;-483.5
4148839;110;0.86;-70.7
4150535;111;0.8;-266.2
4150931;67;0.6;-441.2
4151419;75;0.74;-393.2
4153116;62;0.67;-2.4
4153340;107;0.82;-513.3
4155071;138;0.83;-70.5
4155270;69;0.72;-475
4155670;126;0.86;-51.1
4155977;120;0.85;-87.8
4157626;51;0.58;-735.3
4157971;126;0.85;-152.1
4158953;127;0.82;-148.8
4159965;103;0.81;-295.6
4161725;30;0.36;-381.7
4162250;52;0.6;-180.6
4165956;24;0.29;-839.5
4169034;50;0.62;-397.1
4169130;    ;0.66;-293.5
4169790;51;0.58;-428.9
4170117;55;0.65;-356.1
4170932;52;0.57;-314.5
4172078;97;0.8;-152
4172867;73;0.68;-377.4
4173075;90;0.76;-78.8
4173298;99;0.8;-468.9
4173921;110;0.83;-414.9
4174138;49;0.51;-353.2
4174491;76;0.74;-377.4
4175097;85;0.8;-117.1
4175579;33;0.34;-783.6
4176090;103;0.84;-228
4176813;110;0.86;-145.3
4177076;45;0.4;-307.9
4177743;124;0.83;-84
4178263;27;0.37;-1276.3
4181588;46;0.48;-1312.1
4182365;13;0.18;-530.3
4182728;62;0.6;-357.8
4182933;148;0.87;-99.2
4183562;88;0.8;-364.7
4183937;63;0.64;-389.3
4184185;36;0.44;-630.1
4186071;97;0.84;-123.5
4188219;204;0.89;189.7
4188767;76;0.74;0.2
4189507;    ;0.11;-1839.4
4189912;120;0.77;-314
4190737;70;0.64;-264.1
4192612;181;0.88;75.9
4192857;98;0.78;-317.1
4195675;17;0.24;-989.4
4196511;127;0.85;58.9
4196800;86;0.75;-417.5
4197391;98;0.81;-297.8
4197714;67;0.66;-120.8
4197854;    ;0.5;-650.9
4198280;66;0.63;-706.8
4199817;128;0.81;-404.4
4200278;183;0.88;13.8
4200545;22;0.23;-906
4201167;79;0.73;-621.4
4201962;51;0.58;-1232.9
4202108;96;0.79;-338.6
4203213;326;0.91;167.4
4203937;58;0.64;-481.7
4204752;53;0.68;-157.6
4206723;89;0.74;-425.2
4207882;122;0.84;-473
4208312;84;0.78;-320.2
4209790;98;0.79;-304.5
4214834;90;0.8;-320.9
4217155;91;0.62;-390.4
4217371;130;0.87;-95.1
4218733;128;0.83;-64.3
4221238;48;0.46;-605.5
4221531;87;0.77;-359.5
4223402;180;0.87;-8.9
4224919;34;0.36;-557.1
4225362;135;0.83;-136.7
4226644;120;0.83;-173.7
4226903;52;0.6;-459.9
4227146;74;0.78;-274
4227614;71;0.8;163.1
4228617;185;0.88;5.7
4229909;24;0.34;-624.1
4230701;81;0.7;-232.3
4230943;115;0.75;403.3
4233918;58;0.69;-370.2
4234795;298;0.9;119
4237130;385;0.91;-54.4
4238267;40;0.64;-127.5
4238864;25;0.33;-445.1
4239217;111;0.81;-274.7
4239802;18;0.19;12.2
4240555;66;0.63;-502.5
4240926;78;0.78;-423.1
4241042;132;0.81;-287.1
4241565;101;0.71;-51
4242308;50;0.54;-319.4
4243791;87;0.66;-109.9
4243924;61;0.69;-517.6
4244563;151;0.71;-645.9
4244736;    ;0.49;-623.2
4245011;63;0.56;-486.1
4246453;118;0.81;12.8
4247280;95;0.73;-627.3
4248621;162;0.86;-135.4
4249420;97;0.77;-184.7
4249599;65;0.55;14.3
4255128;63;0.54;-1744.4
4256698;51;0.62;-367.4
4257404;54;0.51;-1399.1
4257508;23;0.29;-365.2
4258005;33;0.4;-705.4
4259515;82;0.82;-260.7
4259810;82;0.67;-309.2
4260151;50;0.61;-427.2
4261198;86;0.75;-81.6
4261334;84;0.78;-908.5
4261674;595;0.92;-34.6
4261928;50;0.7;-825
4266469;76;0.65;-985.8
4268165;81;0.78;-446.8
4269950;69;0.72;-372.7
4272963;756;0.93;68.3
4277880;57;0.63;-562
4279435;73;0.67;-825.8
4280693;63;0.66;-742.1
4281074;60;0.64;-697.8
4281744;57;0.51;-1556.3
4283608;146;0.9;-1.1
4285611;27;0.39;-563.4
4286648;120;0.8;-300.7
4287028;59;0.59;-1191.3
4288070;54;0.66;381.4
4289353;64;0.73;-367.7
4290163;74;0.69;-369.8
4291122;65;0.68;-489.9
4291586;62;0.73;-553.8
4292671;84;0.85;-194.4
4293325;95;0.71;-1173.9
4293492;50;0.65;-358.7
4295006;    ;0.43;-420.7
4295333;217;0.91;-328.7
4299246;111;0.8;-817.8
4300444;212;0.91;2.7
4300676;71;0.57;-1.6
4300838;82;0.71;-102.4
4303396;48;0.77;450
4306662;124;0.82;-494.4
4309114;723;0.93;-42.5
4310243;131;0.78;157.5
4310587;126;0.83;36.5
4316298;153;0.9;-119.6
4318262;11;0.19;-621.8
4321698;24;0.34;64.9
4326979;793;0.94;69.3
4327156;56;0.77;-513.3
4327970;56;0.71;-392.8
4329120;69;0.66;-33.5
4332169;42;0.49;-592
4338266;120;0.89;-74.5
4343034;    ;0.35;-473.5
4344918;71;0.7;-419.3
4347775;68;0.7;-340.8
4348455;41;0.54;-403.7
4349055;65;0.62;-334.7
4350159;58;0.61;-304.3
4352767;72;0.74;-267.7
4353958;142;0.88;-87.7
4359724;95;0.76;-24.9
4362029;51;0.49;-1207.9
4367123;48;0.6;-432
4368806;143;0.82;186.8
4369131;90;0.8;-313.4
4374211;34;0.39;-342.6
4374790;65;0.7;-332.2
4377160;152;0.9;109.8
4378004;52;0.61;-394.6
4379022;39;0.43;-743.1
4384000;79;0.75;-753.3
4384777;1008;0.95;263.5
4386482;52;0.62;-906.3
4389124;73;0.77;-307.5
4389640;103;0.82;-246
4390478;67;0.8;-307
4391682;53;0.53;225.4
4392184;92;0.78;62.2
4393814;37;0.43;-396.3
4394258;27;0.28;-1278.8
4396732;66;0.52;-698.6
4402526;101;0.76;-374.4
4402679;48;0.7;-82
4405988;898;0.95;-4.7
4406256;28;0.74;-757
4409652;130;0.85;91
4410358;51;0.51;-411.3
4424384;59;0.51;-873.4
4425083;53;0.6;-455.8
4426899;40;0.35;-566.8
4426995;20;0.28;-601.6
4429810;35;0.36;-1271.4
4430431;15;0.16;-187.9
4431433;68;0.67;-333.9
4431858;115;0.85;-155.7
4433812;47;0.59;-421.9
4434463;97;0.8;-99.3
4435027;73;0.72;-427.1
4436394;83;0.83;-377.2
4439589;45;0.57;-520.9
4440881;22;0.26;-469.7
4441127;47;0.6;-371.1
4441726;46;0.47;-826.7
4442070;47;0.48;-647.4
4442792;20;0.2;-594.4
4444079;57;0.7;-481.4
4444442;95;0.85;-236.7
4446720;30;0.53;-450.3
4448379;60;0.71;-442.8
4451565;53;0.62;-454.3
4452016;25;0.29;-852.8
4453859;26;0.32;-449.9
4455631;84;0.83;-210.4
4456278;90;0.74;-969.2
4457577;48;0.61;-405.1
4459331;61;0.67;-411.7
4462449;48;0.61;-524.5
4462905;116;0.89;-28.3
4463448;31;0.34;-501.2
4464385;19;0.27;-640.8
4468192;48;0.59;-798.3
4472932;19;0.3;-616
4473967;63;0.63;249.1
4479275;15;0.26;-515.6
4480860;61;0.67;-86.2
4481220;42;0.55;-505
4481394;54;0.68;-357
4481529;24;0.36;-882
4482867;46;0.6;-497.4
4483997;67;0.69;-668.3
4485035;11;0.2;-503
4485478;77;0.81;-249.8
4486934;65;0.73;-340.8
4487231;18;0.25;-790.6
4488995;15;0.2;-540.3
4489393;46;0.57;-604.4
4490166;    ;0.54;-544.7
4490999;    ;0.85;-192.7
4491344;67;0.76;-516.5
4493939;29;0.43;-456.4
4494631;5;0.1;-179.6
4495316;32;0.43;-818.6
4495824;139;0.89;-1.3
4496829;24;0.34;-483
4497214;41;0.55;-538.6
4499795;8;0.05;1461.4
4501892;    ;0.16;-352.6
4503854;21;0.34;-501
4508478;6;0.13;-586.3
4512086;8;0.13;-268.4
4515450;48;0.63;-437
4516433;14;0.24;-620.4
4519844;14;0.24;-437.2
4524667;36;0.49;-521.8
4527132;17;0.24;-366.9
4527830;38;0.6;-872.2
4529052;21;0.35;-533.9
4532419;106;0.87;-144.7
4532901;55;0.62;-782.8
4537759;10;0.14;-395.6
4538946;13;0.2;-678.4
4542587;17;0.23;-713.7
4543215;8;0.13;-664.2
4549122;73;0.77;-284.3
4552923;23;0.33;-414.9
4555728;26;0.38;-399.6
4557403;100;0.8;-167.8
4558202;21;0.31;-494.9
4559383;19;0.3;-511.4
4561366;42;0.53;-505.8
4562693;    ;0.38;-681.2
4565978;30;0.41;-702.1
4566101;24;0.35;-495.8
4566590;26;0.36;-135.7
4567795;36;0.5;-441.1
4569883;14;0.18;-509.4
4570336;3;0.02;-233.1
4572719;18;0.24;-622.7
4575498;33;0.45;-450.8
4576000;52;0.64;-403.5
4577063;15;0.19;-314.1
4580350;12;0.12;-1102.2
4580609;22;0.32;-459.5
4581861;40;0.47;-117.8
4582476;    ;0.25;-344.1
4586001;32;0.46;-261.6
4586104;49;0.58;-634.4
4587517;    ;0.44;-842.3
4588413;46;0.59;-419.1
4589006;14;0.19;-537
4593938;95;0.84;-239.8
4594812;22;0.32;-505.8
4596496;10;0.14;-327.9
4596646;61;0.65;-406.1
4597348;61;0.64;-613.3
4597703;29;0.36;-902
4599034;    ;0.41;-316.1
4599160;    ;0.49;-811.6
4599405;76;0.72;-334.4
4599655;16;0.18;-629.2
4600029;12;0.18;-436.7
4601131;    ;0.59;-758
4602223;26;0.37;-311.6
4603290;60;0.73;-349.9
4604230;97;0.85;-127.7
4604632;14;0.21;-555.8
4605239;15;0.22;-649.7
4605848;    ;0.46;-703.9
4608938;75;0.75;-324.3
4614495;66;0.7;-277.3
4615498;27;0.33;-738.6
4620582;70;0.74;-299
4626341;76;0.76;-271.5
4628843;12;0.18;-1002.4
4631417;61;0.72;-315.4
4635054;21;0.21;-291
4636915;10;0.17;-958.3
4637144;44;0.6;-437.4
4637969;4;0.06;-419.9
4638802;77;0.75;-296.1
4639309;82;0.74;-328.5
4644764;63;0.7;-351.1
4651118;16;0.24;-648.6
4654793;8;0.13;-581.5
4658889;24;0.37;-486.3
4659599;14;0.2;-467
4662625;3;0.05;-675.5
4662839;28;0.41;-510.4
4663275;35;0.51;-337.4
4664484;18;0.29;-346.2
4668760;75;0.78;-203.6
4670478;60;0.69;-483.6
4672722;    ;0.3;-384.8
4674139;31;0.36;-311
4674472;72;0.69;-320.6
4674578;39;0.48;-964.4
4675956;18;0.24;-678.5
4678899;12;0.18;-591.5
4680534;47;0.51;-732.6
4681605;43;0.54;-461.5
4683422;    ;0.47;-472.8
4683871;22;0.27;-617.1
4684870;46;0.57;-411.4
4686336;16;0.2;-260.6
4688983;6;0.08;-598.3
4691451;51;0.59;-460.6
4691682;13;0.18;-394.4
4701473;52;0.59;-571.8
4702360;38;0.46;-376.6
4706265;58;0.64;-450.5
4706774;36;0.39;-288
4707616;6;0.1;-496.6
4708592;107;0.8;-167.2
4708805;65;0.64;-485.6
4715389;36;0.35;-627.7
4715510;22;0.23;-490
4718159;5;0.08;-674.3
4722321;47;0.48;-837.2
4727257;7;0.1;-165.1
4729869;73;0.71;-360
4730342;35;0.43;-511.1
4731000;45;0.39;-564.7
4734916;76;0.77;-298.1
4735422;30;0.35;-484.4
4737168;59;0.61;-455.7
4738960;38;0.38;-763.8
4741666;37;0.41;-616.1
4742396;33;0.38;-674.6
4742856;69;0.7;-377.6
4744265;10;0.12;-891
4746456;12;0.16;-322.3
4747128;69;0.68;-383.7
4751276;33;0.36;-557.2
4758909;54;0.59;-419.4
4768120;    ;0.31;-638.5
4773031;61;0.48;-106.8
4774138;88;0.74;426.5
4777403;29;0.29;-452
4780776;51;0.45;-500.5
4787295;30;0.3;-555.3
4788145;95;0.74;-324.9
4790096;72;0.65;-334.4
4790990;96;0.74;-303.5
4792082;10;0.1;-592.8
4792586;40;0.41;-639.3
4795302;9;0.09;-306.5
4799606;47;0.46;-526.8
4800073;35;0.37;-458.3
4800748;36;0.39;-435.2
4801471;19;0.19;-580.5
4801991;72;0.58;-398.6
4804222;73;0.61;-367.1
4805862;26;0.25;-657
4809053;60;0.52;-466.2
4809492;30;0.32;-530.6
4810024;    ;0.43;-661.1
4810482;17;0.16;-474.7
4811283;20;0.22;-552.6
4812373;16;0.15;452.2
4814458;24;0.25;-502.4
4816581;14;0.15;-757.8
4825514;94;0.65;-2262.2
4834078;68;0.59;-1272.2
4835858;28;0.37;-381.8
4837219;44;0.5;-445.8
4839436;9;0.13;-236.6
4839864;51;0.56;-375.9
4840897;55;0.63;-355.2
4843138;24;0.29;-531.9
4844497;67;0.64;-229.4
4845367;39;0.47;-387.2
4847002;36;0.45;-429.2
4850238;33;0.44;-493.7
4851024;16;0.16;-653.7
4857030;60;0.64;-360.2
4859601;8;0.25;-25.9
4860479;18;0.42;-383
4861099;108;0.85;-43.1
4863955;16;0.42;-744.7
4865002;48;0.65;-242.8
4870824;20;0.29;-488.6
4872679;228;0.88;10.6
4873289;45;0.53;-213.5
4873499;195;0.87;-17.9
4874268;10;0.14;-398.5
4875113;12;0.17;-513.6
4875715;18;0.27;-463.4
4876392;    ;0.35;-617.1
4877239;55;0.59;-405.8
4877550;8;0.07;-853.5
4883081;61;0.62;-400
4883507;70;0.66;-317.1
4886795;60;0.66;-355.8
4887697;68;0.67;-381.8
4888559;62;0.61;-564.3
4888731;18;0.19;-683.1
4892121;220;0.88;-1.4
4892858;312;0.89;23.9
4894225;44;0.52;-473.3
4897806;26;0.36;-505.4
4906502;30;0.33;-508.7
4909102;61;0.59;-398.1
4909401;37;0.35;-656.4
4909969;4;0.08;-95.4
4910754;66;0.6;-391.4
4911388;91;0.7;-304.8
4911697;79;0.66;-313.6
4911936;80;0.65;-354.7
4912901;24;0.26;-500.7
4913151;44;0.45;-545.8
4913870;10;0.11;-870.2
4918603;60;0.59;-425.7
4919386;53;0.53;-490.5
4920367;278;0.88;-78.7
4926144;101;0.75;-206.2
4926658;20;0.24;-793.9
4931692;82;0.6;-719.1
4934568;39;0.4;-216.7
4934718;97;0.68;-864.3
4935250;41;0.47;-305.6
4940193;119;0.81;-152.2
4940618;88;0.69;-485
4941065;96;0.8;-207.1
4947018;42;0.43;-510.5
4947769;113;0.75;-223.1
4951488;76;0.65;-364.5
4963299;26;0.28;-292.8
4963957;52;0.53;-399.3
4967475;114;0.79;-157.4
4967675;16;0.15;-1184.7
4969284;74;0.67;-304.4
4970084;46;0.51;-545.6
4971304;69;0.65;-377.4
4971883;51;0.55;-430.9
4972033;31;0.34;-576.8
4974490;88;0.69;-432.3
4980975;19;0.22;-506.8
4983890;138;0.79;-182.7
4984641;114;0.75;-235.1
4985244;123;0.77;-197.1
4986644;101;0.74;-259.9
4986938;103;0.77;-224.3
4987375;25;0.25;-671.6
4987614;45;0.47;-451.6
4988295;18;0.18;-506.5
4990342;80;0.69;-341.2
4992661;87;0.69;-308.7
4993260;16;0.17;-662.8
4994178;8;0.1;-556.5
4995523;95;0.81;-153.1
4996803;13;0.16;-561.8
5000507;29;0.33;-544
5003259;168;0.8;-149
5004188;85;0.66;-313.8
5005440;50;0.47;-469
5007109;136;0.79;-177.7
5007516;190;0.84;-70.9
5012610;2;0.03;-371.5
5014093;40;0.37;-417
5016341;125;0.77;-175.6
5017878;33;0.35;-696.1
5021131;24;0.21;-518.1
5022217;17;0.21;-535.3
5023636;114;0.74;-248.3
5024588;35;0.38;-532.9
5024899;26;0.3;-541.5
5026486;20;0.22;-785.1
5026704;    ;0.19;-482.8
5028525;105;0.72;-144.2
5028744;32;0.32;-846.3
5029159;61;0.53;-441.7
5029529;83;0.69;-305.7
5031020;41;0.5;-464
5032182;20;0.24;-569.7
5032439;65;0.65;-1540.9
5033318;21;0.25;-525.9
5038327;23;0.28;-579.8
5040657;73;0.67;-228.2
5041646;10;0.12;383.9
5042312;116;0.71;-976.7
5042478;112;0.81;-333.4
5045618;70;0.65;-328.7
5049844;70;0.62;-435.5
5051228;135;0.83;-11.9
5053043;111;0.83;-105.9
5054390;12;0.17;-768.1
5056052;35;0.4;-508.3
5057401;24;0.2;-761.2
5058893;17;0.22;-441
5059908;10;0.14;-514.9
5061490;60;0.58;-800.2
5066605;68;0.6;-515.7
5068562;73;0.63;-171.1
5070179;129;0.79;-142.5
5073493;80;0.66;-501.5
5074086;60;0.58;-366.6
5076163;115;0.76;-125.3
5080390;93;0.71;-228.1
5080639;100;0.77;-275.2
5081156;87;0.78;-272.6
5082352;12;0.16;-280.6
5084755;95;0.81;-156.6
5085963;8;0.11;-495.8
5089572;32;0.36;-602.8
5092193;85;0.69;-270.1
5098419;90;0.71;-281.8
5099993;70;0.65;-80.5
5100119;102;0.78;-258.3
5100498;52;0.51;-490.2
5105453;25;0.32;-467.4
5105614;25;0.29;-613.3
5105860;29;0.35;-463
5108871;91;0.79;-159.1
5109065;97;0.8;-219.5
5111076;69;0.63;-516
5117204;23;0.26;-543.7
5123066;71;0.63;-524.3
5123400;5;0.02;-1072.4
5125148;101;0.79;-114.1
5126048;20;0.2;-827.8
5126545;100;0.74;-128.8
5127621;75;0.6;-409.7
5128788;85;0.78;-221
5129108;20;0.24;-361.6
5131060;48;0.43;-670.2
5132899;72;0.7;-313.7
5137524;20;0.21;-663.6
5138814;102;0.74;-220.7
5140895;152;0.84;-68.1
5143171;90;0.7;-203.3
5143974;117;0.72;-941.5
5144362;111;0.79;-243.2
5145157;23;0.25;-518.8
5146527;44;0.53;-390.7
5147740;27;0.19;-558.9
5149477;74;0.63;-365.5
5149663;89;0.69;-325.7
5151632;22;0.18;-953.1
5153346;100;0.77;-269.4
5160495;65;0.6;-337.8
5163711;154;0.79;-139.7
5165989;48;0.43;-529.3
5166349;22;0.24;10.6
5166849;87;0.68;-287.6
5167721;115;0.8;-301.1
5170338;114;0.81;61.8
5170739;30;0.25;-999
5173037;160;0.84;62.2
5178676;24;0.28;-407
5180243;24;0.27;-509
5185710;42;0.63;-572.1
5189359;50;0.51;-515.4
5192901;160;0.83;-62.5
5196389;126;0.81;-109.4
5196919;114;0.73;-216.2
5197507;78;0.62;-380.2
5199385;37;0.35;-542.9
5200159;87;0.74;-245.1
5206400;6;0.04;-1016
5209388;19;0.28;-590.9
5210045;117;0.77;-320
5211335;10;0.12;-599.7
5216633;116;0.76;-182.8
5217726;108;0.8;-136.5
5218842;102;0.75;-195.7
5222492;    ;0.21;-721.3
5223217;27;0.28;-977.6
5224640;26;0.3;-593
5226981;68;0.69;-292.7
5227521;17;0.13;-14
5228317;160;0.82;-54.2
5228645;277;0.87;-164.2
5229832;60;0.54;-420.4
5231305;124;0.76;11.8
5232845;9;0.1;-18.9
5234397;346;0.87;13.2
5237662;27;0.34;-603
5241814;5;0.07;-128.7
5243951;80;0.7;-238.2
5245237;60;0.55;-411.3
5248511;59;0.66;-328.8
5250567;30;0.31;-611.1
5251670;62;0.66;-349.2
5252108;104;0.75;-251.3
5254924;75;0.64;-350.1
5256418;92;0.72;-623.5
5259119;20;0.21;-1158.6
5264346;19;0.2;-458.8
5264771;121;0.76;-145.5
5265330;47;0.42;-744.8
5268736;25;0.26;-497.7
5274631;103;0.74;-205.5
5274841;104;0.72;-35.3
5276449;48;0.43;-559.2
5285895;23;0.26;-702.1
5286079;21;0.25;-490.2
5286599;25;0.27;-532.7
5289997;56;0.53;-265.9
5294502;12;0.13;-265
5295432;29;0.3;-493.4
5296022;13;0.15;-592.1
5296785;27;0.29;-403.3
5308837;91;0.71;-302.6
5321516;18;0.21;-404.4
5322588;43;0.39;-448
5323522;60;0.57;-352.1
5327624;32;0.36;-482.5
5329521;375;0.89;58.9
5330014;210;0.83;-85.9
5331472;60;0.53;-416.7
5334144;45;0.41;-456.9
5334383;96;0.73;-282.1
5341415;161;0.78;-106.9
5351226;49;0.44;-439.1
5354862;75;0.64;-42.4
5359605;8;0.1;-489.2
5363116;36;0.37;-650.9
5366363;133;0.74;-99.1
5366891;78;0.65;-304.8
5368959;157;0.76;-97.1
5371455;182;0.77;-66.4
5375203;59;0.54;-374.4
5378329;13;0.16;-659.2
5381070;56;0.55;-373.5
5384866;204;0.8;-42.7
5387073;6;0.06;-191.2
5387832;30;0.32;-582.9
5388457;21;0.22;-143.9
5390978;90;0.64;-283.3
5392958;76;0.59;-387.5
5394667;153;0.77;-107.6
5396718;20;0.21;-579
5398629;239;0.86;77.3
5399118;24;0.26;-485.8
5399780;76;0.6;-360.1
5402771;24;0.25;-553.5
5405324;60;0.57;-307
5406853;43;0.41;-390.6
5407278;266;0.86;49.8
5408278;37;0.35;-492.9
5410638;57;0.48;-419.7
5412414;169;0.74;-128.2
5414290;19;0.19;-514.3
5416705;212;0.78;-23
5418539;37;0.32;-246.2
5434458;72;0.57;-360.4
5436034;184;0.85;6.8
5437807;36;0.37;-463.7
5438107;37;0.43;-838.3
5438704;16;0.2;-362.5
5442851;28;0.3;-484.2
5446556;121;0.73;-135.6
5448097;74;0.61;-292.7
5448431;238;0.86;-35.7
5453604;12;0.13;-642.3
5456971;112;0.76;106.4
5457126;219;0.85;17
5462395;7;0.09;-677.2
5463068;22;0.24;-499.5
5464478;93;0.67;-238.9
5464795;118;0.71;-216.8
5465798;33;0.36;-499.4
5467915;76;0.62;-336.3
5468507;29;0.32;-532.4
5471614;    ;0.24;-631.4
5474230;39;0.38;-602.8
5474685;18;0.19;-596.1
5475421;80;0.62;-352.9
5478086;104;0.7;-224.9
5482766;56;0.5;-306.9
5482962;64;0.49;-777
5484622;42;0.43;-467.6
5488670;32;0.33;-480
5489046;22;0.21;-912.2
5489271;88;0.65;-415.5
5493357;11;0.12;-428.6
5495025;35;0.36;-552.8
5495989;25;0.27;-380.4
5502994;115;0.78;-136.8
5507411;52;0.41;-500.4
5508309;120;0.79;-128.2
5513788;38;0.36;-453.8
5518598;18;0.18;-404.4
5523980;43;0.4;-482.6
5527079;102;0.48;-461.3
5530435;22;0.18;-675.4
5530696;17;0.16;-480.7
5533520;18;0.15;-865.6
5534284;39;0.35;-393.9
5536201;10;0.1;-620
5538118;7;0.07;-218.2
5540054;38;0.35;-543.6
5540818;22;0.18;-462.2
5544569;10;0.11;5
5544729;61;0.52;-373.5
5545475;63;0.53;-397.6
5548046;53;0.46;-408.4
5551494;10;0.1;-629.6
5554236;7;0.08;-708.7
5555120;40;0.38;-359.1
5561756;44;0.46;-448.4
5564251;52;0.51;-385.8
5567250;79;0.62;-304.1
5568937;57;0.52;-361.4
5571165;162;0.77;-91.3
5574390;205;0.79;-52.6
5574650;44;0.45;-660.3
5577637;113;0.73;-171.8
5586315;32;0.33;-342.8
5589126;31;0.35;-520.7
5596209;60;0.51;-478.3
5601779;35;0.34;-492.8
5609220;13;0.15;-494.9
5610529;8;0.1;-317.9
5612918;8;0.09;-645.6
5615830;14;0.13;-472.1
5620193;42;0.45;-456.2
5620785;4;0.05;-445.2
5621155;29;0.31;-300.7
5621587;7;0.08;-443.6
5622052;30;0.3;-821.3
5625583;49;0.44;-422.6
5626103;140;0.73;-104.8
5628648;2;0.03;-954
5635510;68;0.53;-434.2
5637387;30;0.32;-538.9
5638261;17;0.2;-492.9
5639827;74;0.6;-372.4
5643000;64;0.51;-281.4
5644318;10;0.1;-572.5
5645924;4;0.03;-731.5
5648251;6;0.07;-537.7
5651555;33;0.32;-552.2
5652274;34;0.32;-1689
5653038;16;0.18;-508.5
5653887;24;0.25;-533.5
5655436;36;0.35;-574.9
5656746;49;0.42;-515.8
5657060;68;0.55;-468.5
5662372;16;0.16;-821.8
5662593;4;0.04;-656.9
5662917;19;0.21;-538.7
5663542;4;0.04;-386
5664088;92;0.66;-283.9
5664510;49;0.43;-877.8
5673838;3;0.01;-751.2
5679260;6;0.07;-499
5679955;5;0.05;-463.7
5680177;4;0.03;-492.6
5680599;58;0.49;-382.6
5681816;10;0.1;-477.1
5687441;2;0.01;-1740.5
5688108;72;0.56;-327.9
5693076;38;0.37;-481.7
5697670;13;0.13;-475.8
5699601;14;0.14;-419.5
5703126;86;0.65;-225.4
5707048;37;0.35;-479.5
5707575;74;0.55;-198.4
5708831;4;0.04;-331.6
5709288;2;0.02;-344.4
5709678;37;0.33;-446
5710962;103;0.69;-182.2
5711516;12;0.1;-580.8
5713717;54;0.46;-451.6
5716684;73;0.53;-1191.1
5717055;4;0.03;-530.5
5719419;63;0.51;-461.3
5722486;14;0.14;-836.9
5723294;4;0.05;-362.3
5725260;4;0.05;-102.3
5726043;5;0.05;-484
5733352;59;0.49;-420.4
5733886;15;0.13;-504.5
5734453;4;0.03;-569.9
5739819;13;0.12;-281.5
5741372;    ;0.02;-622
5743441;31;0.29;-517.1
5744553;12;0.11;-462.5
5749548;35;0.28;-672.4
5751231;2;0.01;-562.2
5753628;56;0.46;-398.5
5754718;78;0.6;-331.1
5754980;12;0.06;-334.7
5755999;18;0.14;-527
5760860;6;0.08;-645.6
5761138;10;0.11;-738.4
5761942;18;0.22;-489.1
5762129;4;0.03;-409.2
5762680;2;0.02;-1356.7
5762854;2;0.04;-559
5764012;22;0.27;-537
5764591;101;0.66;-291.2
5776682;48;0.49;-447.1
5780056;16;0.21;-386.4
5780412;1;0.01;-556
5782203;29;0.35;-466.9
5782407;21;0.24;-514
5786262;20;0.25;-453.7
5788596;6;0.07;1334.6
5793130;7;0.09;-448
5795285;2;0.02;-395.8
5795522;28;0.31;-531.7
5799779;37;0.35;-262.5
5805644;20;0.22;-602.4
5806072;18;0.18;-665
5807367;11;0.12;-235.5
5808335;51;0.43;-456.8
5809394;8;0.08;-515.6
5809586;4;0.03;-436.4
5810829;50;0.4;-548
5813526;10;0.11;-478.3
5814942;2;0.01;-787.3
5816420;21;0.21;-518.3
5816830;10;0.1;-523.9
5817674;12;0.1;-617.4
5828254;4;0.03;-907.5
5829493;10;0.11;-503.8
5836718;12;0.13;-546.9
5837036;8;0.07;-49.7
5837192;7;0.05;-998.6
5839320;9;0.09;-357.1
5839990;16;0.17;-504.2
5846539;3;0.03;-287.5
5846907;6;0.06;-549.2
5851306;7;0.08;-547.1
5853841;36;0.35;-450.6
5854771;7;0.08;-407.1
5856700;18;0.2;-439.8
5857711;29;0.3;-447.5
5859889;4;0.03;-477.4
5860402;12;0.13;-397
5860858;4;0.04;-403.3
5861211;74;0.57;-364.4
5861579;2;0.02;-531.8
5862734;8;0.08;-616.3
5863981;87;0.6;-233.9
5865870;6;0.06;-497
5872931;8;0.08;-1453.6
5874841;18;0.16;-576.1
5877907;7;0.06;-319.2
5879417;16;0.14;-265.2
5881116;12;0.11;-201.4
5881657;15;0.12;-818.6
5882910;16;0.14;-549.5
5883381;6;0.05;1552.7
5889097;6;0.06;55.9
5892808;17;0.25;-1237.1
5893511;4;0.08;-1066.6
5894327;18;0.2;226.2
5894868;7;0.05;-755.9
5907308;58;0.47;-453.9
5911611;30;0.29;-388.7
5917887;50;0.48;-325.6
5928466;4;0.02;-130
5929432;39;0.36;-470.2
5931320;38;0.34;-514.3
5931823;86;0.6;-218.9
5933534;3;0.03;1293.6
5935444;8;0.06;-607.2
5936299;78;0.56;-310.5
5944747;3;0.02;-782.2
5945225;10;0.1;-148.4
5950995;40;0.32;-847.9
5954367;68;0.47;-407.7
5958345;60;0.48;-320.2
5959879;36;0.26;70.5
5963570;3;0.02;-617.9
5964891;4;0.04;-390.3
5971216;5;0.04;-536.9
5977001;44;0.41;-424.9
5977816;2;0.02;-331.8
5978433;64;0.52;-346.2
5983022;2;0.02;-401.9
5985339;68;0.52;-414.8
5986473;84;0.57;-265
5988723;68;0.52;-521.4
5997575;2;0.03;79.9
5999439;67;0.38;-512.6
6004675;86;0.58;-278
6007205;21;0.22;-403.4
6009624;59;0.48;-356.6
6010221;88;0.6;-291.6
6011491;1;0.02;-460.8
6014424;4;0.04;-895.6
6016910;4;0.06;-436
6019966;8;0.09;-586.3
6021033;5;0.05;-545.8
6021837;94;0.6;-337.8
6029393;4;0.03;-614.9
6035707;7;0.08;-565.5
6037009;6;0.06;-479.8
6055751;8;0.09;-565.8
6057682;    ;0.53;-386.1
6062486;2;0.02;-588.8
6064527;18;0.19;-440.8
6067162;115;0.71;-59.6
6067480;2;0.03;-1469.2
6080174;91;0.54;-371.3
6080692;55;0.38;-522.6
6083395;3;0.03;-720.8
6083512;2;0.02;-962.9
6084394;34;0.32;-451.3
6086943;40;0.36;-791.6
6093407;6;0.05;-11.9
6095331;31;0.26;-547.8
6096061;20;0.17;-479.3
6098353;36;0.31;-515.6
6098769;4;0.02;-359.1
6099933;16;0.14;-482.5
6101960;10;0.07;-473.2
6103867;84;0.55;-414.5
6106821;12;0.1;-639.2
6109020;2;0.01;-805.9
6121944;6;0.05;-497
6129603;48;0.41;-466.3
6138314;137;0.73;15.6
6138693;64;0.54;-394.8
6139391;129;0.72;-58.3
6143432;113;0.77;-862.1
6153321;41;0.44;-414
6159433;48;0.49;-440.6
6161082;8;0.11;-628.5
6165250;24;0.32;-926.2
6167067;33;0.38;-451.3
6172215;66;0.52;-216.2
6175044;50;0.54;-359.9
6181914;40;0.45;-408.1
6189702;36;0.38;-444.5
6193272;110;0.72;-30.1
6202029;55;0.56;-268.4
6215149;61;0.61;-297.6
6216864;40;0.43;-437.6
6221001;82;0.63;-273.6
6222505;17;0.17;-569.5
6228459;24;0.24;-523.1
6230952;33;0.32;-473.1
6232447;151;0.73;12.5
6242037;13;0.14;-581.1
6242372;40;0.42;-397.8
6248047;112;0.66;-219.2
6254285;109;0.7;-24.8
6255561;17;0.16;-521.1
6258092;81;0.62;-366.5
6266867;72;0.62;-298.5
6271959;46;0.45;-410.8
6273013;19;0.21;-465.2
6282355;52;0.54;-398.7
6292706;66;0.44;-374.4
6295666;12;0.11;-604.2
6299535;65;0.57;-334.1
6303244;127;0.66;-213.2
6304237;83;0.57;-324.7
6309599;5;0.04;-451.3
6313246;23;0.24;-463.1
6317053;52;0.44;-251
6317558;33;0.34;-495
6324434;75;0.56;-247
6332600;32;0;
6337082;103;0;
6338576;121;0.63;-248.5
6340630;42;0.34;-534.4
6345903;56;0.47;-364.9
6355593;2;0.02;-545.6
6356786;62;0.51;-318.9
6364636;30;0.29;-694.6
6366125;25;0.23;-569.7
6366455;12;0.11;-660.1
6377962;2;0.02;-570
6382507;40;0.41;-455.4
6387484;8;0.09;-523.9
6394306;10;0.16;-478.3
6395369;117;0.7;0.4
6401770;181;0.71;-126.5
6402087;46;0.51;-450.6
6412880;6;0.06;-654.9
6413422;129;0.67;-210.9
6421420;9;0.09;-448.5
6421724;80;0.55;-378.2
6423125;87;0.67;-173.6
6432624;106;0.68;-168
6438186;7;0.09;-527.9
6440538;7;0.08;-386.9
6470981;52;0.4;-597.2
6473938;2;0.02;-323.1
6477414;57;0.46;-298.7
6483661;63;0.5;-342.8
6496295;34;0.25;-719.7
6496775;165;0.73;57.4
6497537;42;0.35;-93
6498262;69;0.45;-417.4
6500735;43;0.39;-374.9
6511415;    ;0.03;-574.9
6520168;61;0.45;-396.9
6548048;103;0.65;-170.8
6557681;4;0.08;-914.8
6558599;16;0.17;-362.5
6571030;71;0.53;-315
6572983;    ;0.07;-1324.5
6576044;22;0.27;-476.8
6576832;64;0.49;-336.2
6583028;14;0.17;-490.2
6593134;10;0.09;-552.9
6594735;123;0.66;-167.3
6595692;89;0.58;-179.1
6599383;44;0.34;-540.5
6609851;18;0.15;-435.7
6610936;76;0.49;-305.1
6611504;5;0.06;-1092.5
6615652;5;0.07;-1048.7
6629375;24;0.22;-508.1
6635244;30;0.21;-513.3
6635581;70;0.46;-434.6
6635939;40;0.24;-483.1
6641712;11;0.11;-608.4
6665072;31;0.26;-457.2
6665282;76;0.57;-300.5
6669553;7;0.08;-275.5
6678709;1;0.01;-479.7
6679831;122;0.68;-159.1
6700991;7;0.07;-497
6705418;32;0.3;-419.4
6706332;5;0.05;-479.5
6706954;42;0.34;-470.6
6712172;12;0.14;-457.1
6714291;2;0.03;138.8
6714900;    ;0.2;-484.5
6715598;23;0.17;-607.3
6717237;33;0.2;-485.3
6718091;15;0.12;-555.5
6727214;17;0.14;-512.6
6728524;50;0.35;-435.9
6733923;8;0.06;-527.9
6735010;25;0.21;-513.7
6738391;2;0.02;-407.6
6739129;2;0.01;-329.6
6739847;24;0.17;-582.5
6741382;11;0.1;-497.8
6746963;7;0.07;-477.8
6747819;8;0.06;-395.8
6748817;5;0.04;-434.9
6752016;75;0.53;-321.5
6754571;42;0.27;-476.7
6755328;5;0.05;-567
6765975;2;0.02;-429
6771528;3;0.02;-879
6779280;6;0.06;-771.2
6785138;2;0.03;-387.6
6787614;2;0.04;-341.6
6788734;16;0.2;-500.5
6795134;10;0.1;-549.7
6796494;3;0.04;-571.2
6798001;8;0.09;-831.4
6803748;1;0.01;-781
6805879;14;0.17;-575
6806149;10;0.12;-502.9
6808723;24;0.28;-426
6812142;42;0.36;-466.6
6821472;5;0.06;-802.4
6822254;    ;0.3;-564.9
6830476;56;0.4;-404.9
6835111;8;0.07;-374.1
6838893;15;0.14;-541.9
6841718;30;0.24;-414.8
6843227;65;0.44;-411.2
6844574;41;0.29;-459.2
6845544;59;0.42;-438.6
6853525;4;0.03;-367.2
6856714;12;0.1;-436.9
6857054;85;0.48;-387.5
6857605;23;0.14;-244.6
6859143;27;0.18;-561.6
6860042;57;0.37;-454.8
6863835;22;0.15;-627.4
6980776;90;0.54;-244
7001815;    ;0.38;-383.1
7009903;31;0.21;-607.1
7024891;72;0.44;-404.3
7040164;76;0.42;-491.5
7070359;64;0.42;-417.6
7092338;73;0.44;-271.2
7132888;105;0.54;-434.7
7134953;44;0.32;-417.1
7166424;153;0.6;-1028
7183175;71;0.52;-257.6
7221675;53;0.35;-634.5
7286843;41;0.31;-488.1
7290747;70;0.42;-416
7294839;47;0.38;-692.2
7295055;85;0.46;-509
7308576;43;0.3;-368.3
7388368;94;0.43;-525.7
7403724;48;0.3;-490.8
7413196;140;0.56;-159.9
7420711;49;0.35;-405
7423603;20;0.13;-407
7442961;    ;0.36;-416.2
7445072;38;0.26;-478.5
7447802;178;0.59;-223.2
7449445;38;0.23;-413
7456050;11;0.09;-416.1
7463575;26;0.21;-414.5
